DATE,VESSEL DATE,VESSEL NAME,PRODUCT NAME,PORT,"UNSOLD 
QTY","SOLD QTY /
PENDING LIFTING",PHYSICAL STOCK,OTR QTY,TERMINAL,COMPANY NAME,NO OF DAYS OF STOCK, IMPORT PRICE ($ /MT) , CIF + DUTY COST (INR/MT) , EXCHANGE RATE , COST PRICE (INR /MT) , AVERAGE SALE PRICE (INR/ MT) ,NOTES,INCOMING STOCK,INCOMING STOCK DATE
5/12/2026,11/22/2025,F-6243 BOW ENDEAVOR,ACETIC ACID,MUMBAI,0.000,0.140,0.140,1573.430,AEGIS,KLJ,171, 578.27 ," 67,172.41 ", 94.30 ," 121,703.27 "," 117,699.56 ",Normal stock,,
5/12/2026,2/5/2026,F-6316 TG CRAB,ACETIC ACID,MUMBAI,0.000,2.870,2.870,1425.000,AEGIS,KLJ,96, 728.45 ," 76,701.16 ", 94.30 ," 145,394.00 "," 131,933.43 ",Ready for sale,,
5/12/2026,2/21/2026,F-6302 YONG CHANG SHUN HANG,ACETIC ACID,MUMBAI,0.000,46.577,46.577,1362.808,AEGIS,KLJ,80, 522.34 ," 55,210.69 ", 94.30 ," 104,467.35 "," 105,878.85 ",On hold,,
5/12/2026,3/8/2026,F-6321  PVT LYRA,ACETIC ACID,MUMBAI,613.368,558.711,1172.079,2002.368,AEGIS,KLJ,65, 641.30 ," 69,576.85 ", 94.30 ," 130,051.44 "," 130,844.94 ",Low inventory,,
5/12/2026,9/16/2026,F-6163 BOW PANTHER,ACETIC ACID,JNPT,0.000,0.004,0.004,3902.732,GBL (SELORD),KLJ,-127, 544.00 ," 66,686.85 ", 94.30 ," 117,986.05 "," 110,448.26 ",QC passed,,
5/12/2026,9/29/2025,F-6143A SEA HARVEST,ACETIC ACID,JNPT,0.000,0.540,0.540,995.533,GBL (SELORD),KLJ,225, 758.35 ," 92,724.40 ", 94.30 ," 164,236.81 "," 167,036.39 ",Ready for sale,,
5/12/2026,2/13/2026,F-6320A KAMUI GALAXY,ACETIC ACID,JNPT,0.000,22.387,22.387,950.012,GBL (SELORD),KLJ,88, 631.22 ," 76,540.22 ", 94.30 ," 136,064.27 "," 124,815.59 ",QC passed,,
5/12/2026,4/6/2026,F-6377 SOUTHERN QUOKKA,ACETIC ACID,JNPT,1891.307,0.000,1891.307,1891.307,GBL (SELORD),KLJ,36, 670.31 ," 79,976.38 ", 94.30 ," 143,186.61 "," 131,671.24 ",Pending inspection,,
5/12/2026,4/24/2026,F-6395 GOODAL,ACETIC ACID,KANDLA,114.495,1006.044,1120.539,1890.959,RKT+AHIR,KLJ,18, 609.82 ," 65,578.70 ", 94.30 ," 123,084.73 "," 113,729.73 ",Low inventory,,
5/12/2026,4/29/2026,STPL-10 GC BERYL,ACETIC ACID,KANDLA,1886.447,0.000,1886.447,1886.447,RKT+AHIR,SIDHGUN,13, 659.61 ," 78,354.27 ", 94.30 ," 140,555.49 "," 139,969.13 ",QC passed,,
5/12/2026,4/24/2026,F-6365 GOODAL,2-ETHYLHEXANOL,KANDLA,104.000,171.039,275.039,475.000,AHIR+KESAR,KLJ,18, 784.71 ," 94,275.96 ", 94.30 ," 168,274.11 "," 169,520.53 ",Ready for sale,,
5/12/2026,4/30/2026,F-6381 JASMINE TRADER,2-ETHYLHEXANOL,KANDLA,953.922,0.000,953.922,953.922,AHIR,KLJ,12, 650.17 ," 67,763.74 ", 94.30 ," 129,074.77 "," 134,386.28 ",On hold,,
5/12/2026,3/24/2026,T-200mt KLJ PETROPLAST 24-3-26,2-ETHYLHEXANOL,HAZIRA,3.000,30.410,33.410,200.000,ADANI,KLJ,49, 636.95 ," 72,837.80 ", 94.30 ," 132,902.19 "," 140,396.97 ",Normal stock,,
5/12/2026,1/29/2026,F-6259 CT BRIGHT,BUTYL ACETATE,KANDLA,0.000,24.300,24.300,1894.950,AHIR,KLJ,103, 632.01 ," 67,568.79 ", 94.30 ," 127,167.33 "," 114,741.95 ",Ready for sale,,
5/12/2026,4/13/2026,F-6382 CT BRIGHT,BUTYL ACETATE,KANDLA,114.975,75.000,189.975,190.678,AHIR,KLJ,29, 507.43 ," 52,904.27 ", 94.30 ," 100,754.92 "," 104,327.55 ",On hold,,
5/12/2026,4/24/2026,F-6364 GOODAL,BUTYL ACETATE,KANDLA,497.983,790.786,1288.769,1499.963,KESAR,KLJ,18, 757.78 ," 87,005.24 ", 94.30 ," 158,463.89 "," 167,762.92 ",Low inventory,,
5/12/2026,5/6/2026,F-6349 YONG CHANG SHUN HANG,BUTYL ACETATE,KANDLA,1890.449,0.000,1890.449,1890.449,AHIR+KESAR,KLJ,6, 722.97 ," 76,766.56 ", 94.30 ," 144,942.63 "," 159,327.48 ",Low inventory,,
5/12/2026,10/18/2025,F-6181 CNC RICH,BUTYL ACETATE,JNPT,2.420,0.000,2.420,646.427,GBL,KLJ,206, 731.19 ," 87,865.99 ", 94.30 ," 156,817.21 "," 169,555.17 ",QC passed,,
5/12/2026,3/17/2026,F-6356 CELSIUS MIDDLEFART,BUTYL ACETATE,JNPT,332.028,71.140,403.168,665.028,SEALORD,KLJ,56, 742.09 ," 90,139.61 ", 94.30 ," 160,118.70 "," 158,077.28 ",Normal stock,,
5/12/2026,3/9/2026,SPL-358 HANYU FREESIA,BUTYL ACETATE,JNPT,459.034,323.591,782.625,1808.172,GBL+SEALORD,SIDHE,64, 585.43 ," 62,075.60 ", 94.30 ," 117,281.65 "," 113,592.96 ",On hold,,
5/12/2026,12/20/2025,SPL-301A DS COUGAR,BUTYL ACETATE,KANDLA,145.966,410.345,556.311,1190.505,KESAR,SIDHE,143, 535.33 ," 57,836.50 ", 94.30 ," 108,318.12 "," 102,437.82 ",Normal stock,,
5/12/2026,9/3/2025,F-6074 STOLT ENDURANCE,BUTYL DI  GLYCOL,KANDLA,0.000,84.633,84.633,945.694,RKT,KLJ,251, 786.42 ," 86,644.38 ", 94.30 ," 160,803.79 "," 156,628.61 ",Low inventory,,
5/12/2026,6/23/2025,SIDHE PETRO STOLT INTEGRITY,BUTYL DI  GLYCOL,KANDLA,1074.861,290.805,1365.666,,KESAR,SIDHE,323, 684.18 ," 80,215.99 ", 94.30 ," 144,734.16 "," 151,264.71 ",Normal stock,,
5/12/2026,9/1/2025,F-6070 BOW TRAJECTORY,CYCLOHEXANE,KANDLA,11.467,106.210,117.677,1988.697,FSWAI,KLJ,253, 560.45 ," 62,188.07 ", 94.30 ," 115,038.51 "," 105,971.62 ",Normal stock,,
5/12/2026,10/25/2026,F-6150 BOW CHEETAH,CYCLOHEXANONE,KANDLA,0.000,0.290,0.290,490.227,FSWAI,KLJ,-166, 611.54 ," 64,541.97 ", 94.30 ," 122,210.19 "," 120,488.39 ",Ready for sale,,
5/12/2026,12/4/2025,F-6229 CNC BULL,CYCLOHEXANONE,KANDLA,0.000,0.045,0.045,522.675,FSWAI,KLJ,159, 635.00 ," 69,364.42 ", 94.30 ," 129,244.92 "," 133,062.23 ",Normal stock,,
5/12/2026,1/5/2026,F-6232 AURELIAN,CYCLOHEXANONE,KANDLA,15.195,0.031,15.226,955.395,FSWAI,KLJ,127, 673.03 ," 74,314.89 ", 94.30 ," 137,781.62 "," 125,380.88 ",Low inventory,,
5/12/2026,10/6/2025,F-6097A HAEIN HOPE,NORMAL BUTANOL,KANDLA,-159.900,339.316,179.416,1498.790,AHIR,KLJ,218, 570.76 ," 63,258.40 ", 94.30 ," 117,081.07 "," 119,239.53 ",Normal stock,,
5/12/2026,10/11/2025,F-6177 SINAR MENDAWAI,NORMAL BUTANOL,KANDLA,0.000,51.354,51.354,1012.934,AHIR,KLJ,213, 648.46 ," 74,043.29 ", 94.30 ," 135,193.07 "," 133,820.69 ",On hold,,
5/12/2026,11/14/2025,F-6207 GINGA PUMA,NORMAL BUTANOL,KANDLA,0.000,0.007,0.007,1045.487,AHIR,KLJ,179, 694.54 ," 80,379.67 ", 94.30 ," 145,874.79 "," 148,579.91 ",Normal stock,,
5/12/2026,11/17/2025,F-6233 BOW TRIBUTE,NORMAL BUTANOL,KANDLA,74.387,1.340,75.727,473.967,AHIR,KLJ,176, 683.80 ," 73,047.43 ", 94.30 ," 137,529.77 "," 131,706.05 ",Pending inspection,,
5/12/2026,3/13/2026,T-238 YONG CHANG SHUN HANG,NORMAL BUTANOL,KANDLA,0.000,133.254,133.254,723.744,AHIR,KLJ,60, 556.87 ," 67,862.52 ", 94.30 ," 120,375.36 "," 111,623.91 ",Low inventory,,
5/12/2026,10/14/2025,F-6177A SINAR MENDAWAI,NORMAL BUTANOL,HAZIRA,-63.361,63.688,0.327,1009.107,ADANI,KLJ,210, 794.01 ," 84,624.44 ", 94.30 ," 159,499.58 "," 149,496.26 ",QC passed,,
5/12/2026,3/17/2026,F-6355 CELSIUS MIDDLEFART,NORMAL BUTANOL,JNPT,284.987,454.855,739.842,1896.987,SEALORD+GBL,KLJ,56, 626.34 ," 68,920.76 ", 94.30 ," 127,984.62 "," 123,125.22 ",Normal stock,,
5/12/2026,3/9/2026,SPL-357 HANYU FREESIA,NORMAL BUTANOL,JNPT,25.651,207.090,232.741,1428.162,SEALORD,SIDHE,64, 632.86 ," 67,608.68 ", 94.30 ," 127,287.38 "," 139,904.99 ",On hold,,
5/12/2026,9/5/2025,F-6072 STOLT ENDURANCE,BUTYL GLYCOL,KANDLA,306.391,2.740,309.131,1890.763,AHIR + FSWAI,KLJ,249, 610.88 ," 63,586.35 ", 94.30 ," 121,192.33 "," 123,168.85 ",Low inventory,,
5/12/2026,11/7/2025,F-6176 NO.6 OCEAN PIONEER,BUTYL GLYCOL,KANDLA,35.592,0.080,35.672,524.802,AHIR,KLJ,186, 660.83 ," 71,059.60 ", 94.30 ," 133,375.87 "," 126,012.16 ",Ready for sale,,
5/12/2026,11/14/2025,F-6209 GINGA PUMA,BUTYL GLYCOL,KANDLA,0.000,0.007,0.007,597.057,AHIR,KLJ,179, 690.58 ," 73,477.50 ", 94.30 ," 138,599.19 "," 125,907.84 ",Normal stock,,
5/12/2026,4/11/2026,F-6371 CARIBBEAN 1,BUTYL GLYCOL,KANDLA,158.948,80.000,238.948,240.000,AHIR,KLJ,31, 720.42 ," 76,096.30 ", 94.30 ," 144,031.91 "," 153,022.62 ",Ready for sale,,
5/12/2026,4/19/2026,F-6378 SFL ARUBA,BUTYL GLYCOL,KANDLA,453.637,45.000,498.637,498.637,AHIR,KLJ,23, 636.70 ," 69,679.92 ", 94.30 ," 129,720.73 "," 136,238.22 ",Normal stock,,
5/12/2026,12/21/2025,SPL-302 DS COUGAR,BUTYL GLYCOL,KANDLA,0.000,25.105,25.105,952.657,AHIR,SIDHE,142, 691.10 ," 76,262.82 ", 94.30 ," 141,433.55 "," 128,798.03 ",Pending inspection,,
5/12/2026,2/15/2026,SPL-334 DM CONDOR,BUTYL GLYCOL,KANDLA,701.886,121.059,822.945,1046.886,AHIR,SIDHE,86, 583.75 ," 66,612.03 ", 94.30 ," 121,659.66 "," 118,014.72 ",Normal stock,,
5/12/2026,1/26/2026,F-6277 AL SHAFFIAH,BUTYL GLYCOL,MUMBAI,-54.573,75.290,20.717,582.772,AEGIS,KLJ,106, 591.83 ," 64,120.40 ", 94.30 ," 119,929.97 "," 116,561.42 ",Low inventory,,
5/12/2026,3/17/2026,F-6357 CELSIUS MIDDLEFART,BUTYL GLYCOL,JNPT,-2.641,29.670,27.029,475.569,SEALORD,KLJ,56, 627.45 ," 71,461.04 ", 94.30 ," 130,629.58 "," 126,501.14 ",Ready for sale,,
5/12/2026,3/9/2026,SPL-360 HANYU FREESIA,BUTYL GLYCOL,JNPT,0.000,71.970,71.970,952.711,SEALORD,SIDHE,64, 555.34 ," 63,312.35 ", 94.30 ," 115,680.91 "," 111,117.02 ",Ready for sale,,
5/12/2026,2/18/2026,F-6279 LISBON,PROPYLENE GLYCOL,KANDLA,-42.650,232.112,189.462,800.988,AHIR,KLJ,83, 608.09 ," 67,704.19 ", 94.30 ," 125,047.08 "," 126,600.45 ",Ready for sale,,
5/12/2026,6/24/2025,F-5933 STOLT INTEGRITY,PROPIONIC ACID,KANDLA,0.000,0.001,0.001,1526.641,AHIR,KLJ,322, 619.50 ," 68,022.33 ", 94.30 ," 126,441.18 "," 126,280.22 ",Low inventory,,
5/12/2026,9/3/2025,F-6073 STOLT ENDURANCE,PROPIONIC ACID,KANDLA,-48.949,49.289,0.340,1046.060,RKT,KLJ,251, 639.89 ," 71,857.65 ", 94.30 ," 132,199.28 "," 130,851.57 ",QC passed,,
5/12/2026,9/22/2025,F-6126 NO. 03 OCEAN PIONEER,HEXANE,KANDLA,-24.720,24.721,0.001,795.530,FSWAI,KLJ,232, 600.94 ," 66,395.64 ", 94.30 ," 123,064.28 "," 118,271.22 ",Normal stock,,
5/12/2026,3/5/2026,F-6274 BOW LIND,IBA,HAZIRA,-21.986,35.500,13.514,496.864,ADANI,KLJ,68, 627.09 ," 70,785.97 ", 94.30 ," 129,920.56 "," 138,091.30 ",Pending inspection,,
5/12/2026,11/11/2024,SIDHE PETROCHEMICAL - SC PETREL,IBAC,KANDLA,0.000,178.980,178.980,,KESAR,SIDHE,547, 563.05 ," 65,023.43 ", 94.30 ," 118,119.05 "," 126,332.92 ",Pending inspection,,
5/12/2026,6/1/2025,SIDHE PETROCHEMICAL - STOLT NORLAND,IBAC,KANDLA,467.055,196.000,663.055,,KESAR,SIDHE,345, 611.70 ," 65,207.58 ", 94.30 ," 122,890.89 "," 134,411.61 ",Pending inspection,,
5/12/2026,6/15/2025,F-5971 BOW ELM,IPA,KANDLA,0.000,0.243,0.243,522.513,AHIR,KLJ,331, 643.98 ," 70,245.34 ", 94.30 ," 130,972.65 "," 133,193.49 ",Pending inspection,,
5/12/2026,6/24/2025,F-5994 STOLT INTEGRITY,IPA,KANDLA,4.073,0.379,4.452,510.073,AHIR,KLJ,322, 503.65 ," 55,508.87 ", 94.30 ," 103,003.07 "," 95,319.67 ",Pending inspection,,
5/12/2026,5/5/2026,STPL-8 BOW TRIBUTE,IPA,KANDLA,641.193,936.910,1578.103,1731.193,AHIR,SIDHGUN,7, 632.64 ," 75,511.06 ", 94.30 ," 135,169.01 "," 127,074.65 ",Pending inspection,,
5/12/2026,4/15/2026,F-6370 SFL ARUBA,IPA,JNPT,0.000,40.257,40.257,715.294,GBL,KLJ,27, 688.06 ," 80,362.00 ", 94.30 ," 145,246.06 "," 139,555.73 ",Low inventory,,
5/12/2026,5/2/2026,STPL-11 CHEMROAD ZENITH,IPA,JNPT,338.937,272.347,611.284,948.204,GBL,SIDHGUN,10, 517.07 ," 60,708.93 ", 94.30 ," 109,468.63 "," 106,696.66 ",Pending inspection,,
5/12/2026,12/8/2025,F-6238 DM JADE,MEG,HAZIRA,0.000,5.446,5.446,1989.661,ADANI,KLJ,155, 730.40 ," 81,842.78 ", 94.30 ," 150,719.50 "," 140,527.41 ",Pending inspection,,
5/12/2026,2/14/2026,2 KT MEG SWAP FILATEX,MEG,HAZIRA,0.000,10.570,10.570,2000.000,ADANI,KLJ,87, 717.77 ," 79,754.01 ", 94.30 ," 147,439.72 "," 139,692.99 ",Ready for sale,,
5/12/2026,5/6/2026,F-6383 CHEMROAD ZENITH,MEG,HAZIRA,1693.561,369.266,2062.827,2099.561,ADANI,KLJ,6, 788.28 ," 93,083.40 ", 94.30 ," 167,418.20 "," 168,242.70 ",Pending inspection,,
5/12/2026,10/18/2025,F-6146 BOW ODYSSEY,MEG,KANDLA,8.710,2.352,11.062,4979.142,AHIR,KLJ,206, 601.50 ," 70,708.19 ", 94.30 ," 127,429.64 "," 118,518.49 ",QC passed,,
5/12/2026,4/11/2026,F-6323 CARIBBEAN 1,N-PROPANOL,KANDLA,-5.613,413.960,408.347,999.427,FSWAI,KLJ,31, 526.22 ," 59,871.80 ", 94.30 ," 109,494.35 "," 101,237.39 ",Low inventory,,
5/12/2026,2/15/2026,F-6270 BRAVONEA,MIXED HEPTANE,KANDLA,66.651,49.270,115.921,426.501,AHIR,KLJ,86, 796.90 ," 94,821.40 ", 94.30 ," 169,969.07 "," 165,942.13 ",QC passed,,
5/12/2026,12/22/2025,F-6230 BOW COUGAR,TOLUENE,KANDLA,30.721,21.149,51.870,2838.950,KESAR,KLJ,141, 720.66 ," 82,161.67 ", 94.30 ," 150,119.91 "," 147,918.05 ",Pending inspection,,
5/12/2026,3/10/2026,F-6311 BOW COUGAR,TOLUENE,KANDLA,1362.057,105.301,1467.358,1575.000,AHIR,KLJ,63, 546.08 ," 58,471.13 ", 94.30 ," 109,966.47 "," 112,912.77 ",Normal stock,,
5/12/2026,3/14/2026,"T-230 STOLT MAPLE- 1,275.926 mt",TOLUENE,KANDLA,286.926,518.250,805.176,1275.926,AHIR,KLJ,59, 741.14 ," 79,699.03 ", 94.30 ," 149,588.53 "," 136,476.41 ",On hold,,
5/12/2026,3/14/2026,T-234 Chemroad Sirius 1000mt,TOLUENE,KANDLA,0.000,41.320,41.320,1000.000,FSWAI,KLJ,59, 608.77 ," 68,057.34 ", 94.30 ," 125,464.35 "," 136,728.44 ",Normal stock,,
5/12/2026,4/24/2026,F-6344 MC HERA,TOLUENE,KANDLA,1970.256,0.000,1970.256,1984.716,AHIR+CRL,KLJ,18, 746.17 ," 80,211.79 ", 94.30 ," 150,575.62 "," 144,690.45 ",On hold,,
5/12/2026,1/23/2026,SPL-320 CHEMROAD SIRIUS,TOLUENE,KANDLA,251.681,74.840,326.521,2084.141,AHIR,SIDHE,109, 543.31 ," 62,023.21 ", 94.30 ," 113,257.34 "," 119,960.39 ",On hold,,
5/12/2026,3/4/2026,SPL-317 MARITIME AMITY,TOLUENE,KANDLA,3659.546,333.680,3993.226,5700.000,AHIR+FSWAI+CRL,SIDHE,69, 734.06 ," 84,214.25 ", 94.30 ," 153,436.11 "," 140,405.41 ",Low inventory,,
5/12/2026,12/18/2025,F-6231 BOW COUGAR,TOLUENE,HAZIRA,0.000,0.751,0.751,1416.061,ADANI,KLJ,145, 610.48 ," 71,370.61 ", 94.30 ," 128,938.87 "," 123,908.66 ",Low inventory,,
5/12/2026,3/1/2026,F-6307 CHEMROAD QUEST,TOLUENE,HAZIRA,0.000,501.941,501.941,1895.021,ADANI,KLJ,72, 501.00 ," 56,791.81 ", 94.30 ," 104,036.11 "," 102,489.95 ",On hold,,
5/12/2026,3/1/2026,F-6308 CHEMROAD QUEST,TOLUENE,HAZIRA,926.769,978.000,1904.769,1904.769,ADANI,KLJ,72, 524.47 ," 56,506.48 ", 94.30 ," 105,964.00 "," 110,724.97 ",On hold,,
5/12/2026,1/19/2026,SPL-319 CHEMROAD SIRIUS,TOLUENE,HAZIRA,0.000,4.958,4.958,1007.468,ADANI,SIDHE,113, 540.74 ," 64,206.65 ", 94.30 ," 115,198.43 "," 105,744.81 ",Normal stock,,
5/12/2026,1/19/2026,SPL-319A CHEMROAD SIRIUS,TOLUENE,HAZIRA,0.000,0.304,0.304,2999.334,ADANI,SIDHE,113, 603.61 ," 68,408.92 ", 94.30 ," 125,329.34 "," 124,573.40 ",Ready for sale,,
5/12/2026,2/25/2026,SPL-318 CHEMOCEAN LEO,TOLUENE,HAZIRA,-77.524,84.308,6.784,1010.135,ADANI,SIDHE,76, 640.65 ," 76,517.45 ", 94.30 ," 136,930.75 "," 129,394.63 ",QC passed,,
5/12/2026,2/25/2026,SPL-318A CHEMOCEAN LEO,TOLUENE,HAZIRA,0.000,3.202,3.202,1992.187,ADANI,SIDHE,76, 644.21 ," 78,075.88 ", 94.30 ," 138,824.88 "," 138,579.08 ",Low inventory,,
5/12/2026,2/7/2026,F-6273 DM CONDOR,TOLUENE,JNPT,0.000,61.906,61.906,1911.726,GBL,KLJ,94, 506.23 ," 54,231.59 ", 94.30 ," 101,969.08 "," 100,529.69 ",On hold,,
5/12/2026,4/19/2026,F-6353 EVA HANSA,TOLUENE,JNPT,-244.461,457.126,212.665,1048.539,GBL,KLJ,23, 573.94 ," 59,697.14 ", 94.30 ," 113,819.68 "," 105,590.83 ",Low inventory,,
5/12/2026,3/5/2026,F-6297 OCEAN JUPITER,TOLUENE,KAKINADA,-26.287,619.565,593.278,2100.000,MAHATHI,KLJ,68, 574.54 ," 66,110.97 ", 94.30 ," 120,290.09 "," 114,185.12 ",Pending inspection,,
5/12/2026,3/26/2026,T-237 BOW TRAJECTORY,DEG,HAZIRA,-96.000,201.038,105.038,500.000,ADANI,KLJ,47, 640.33 ," 69,232.82 ", 94.30 ," 129,615.94 "," 134,682.69 ",QC passed,,
5/12/2026,4/28/2026,STPL-13 BOW NEON,DEG,HAZIRA,866.936,499.220,1366.156,1494.536,ADANI,SIDHGUN,14, 567.20 ," 62,460.31 ", 94.30 ," 115,947.27 "," 123,439.08 ",Pending inspection,,
5/12/2026,11/28/2025,F-6215 EASTERLY BEECH GALAXY,MMA,KANDLA,0.000,0.494,0.494,487.035,AHIR,KLJ,165, 670.09 ," 81,054.84 ", 94.30 ," 144,244.33 "," 136,940.89 ",Ready for sale,,
5/12/2026,2/16/2026,F-6290 SONGA NEPTUNE,MMA,HAZIRA,-2.866,4.149,1.283,300.000,ADANI,KLJ,85, 676.89 ," 76,229.51 ", 94.30 ," 140,060.24 "," 128,735.62 ",QC passed,,
5/12/2026,2/22/2026,F-6303 STOLT MAPLE,ORTHO XYLENE,HAZIRA,0.000,12.398,12.398,1045.711,ADANI,KLJ,79, 596.40 ," 68,521.66 ", 94.30 ," 124,762.18 "," 115,347.55 ",QC passed,,
5/12/2026,4/19/2026,F-6338 STOLT BETULA,ORTHO XYLENE,HAZIRA,154.890,256.050,410.940,472.890,ADANI,KLJ,23, 573.24 ," 63,118.54 ", 94.30 ," 117,175.07 "," 121,626.36 ",Low inventory,,
5/12/2026,4/16/2026,F-6374 CNC RICH,ORTHO XYLENE,MUMBAI,557.942,211.320,769.262,948.442,GBL,KLJ,26, 598.17 ," 72,296.63 ", 94.30 ," 128,704.06 "," 140,590.04 ",On hold,,
5/12/2026,10/7/2025,F-6161 FPMC 28,C-9,KANDLA,19.944,0.000,19.944,3136.084,AHIR,KLJ,217, 707.59 ," 85,670.61 ", 94.30 ," 152,396.35 "," 153,897.80 ",QC passed,,
5/12/2026,2/1/2026,F-6301 OSHAIRIJ,C-9,KANDLA,24.470,21.000,45.470,199.700,KESAR,KLJ,100, 701.44 ," 80,389.76 ", 94.30 ," 146,535.55 "," 145,400.18 ",Normal stock,,
5/12/2026,4/19/2026,F-6350 SFL ARUBA,C-9,KANDLA,1076.593,622.777,1699.370,1725.000,AHIR,KLJ,23, 759.04 ," 82,155.00 ", 94.30 ," 153,732.47 "," 153,173.57 ",On hold,,
5/12/2026,4/19/2026,F-6366 SFL ARUBA,C-9,KANDLA,592.179,262.611,854.790,947.179,KESAR,KLJ,23, 602.83 ," 73,488.50 ", 94.30 ," 130,335.37 "," 131,170.38 ",Ready for sale,,
5/12/2026,4/24/2026,F-6375 KOREA CHEMI,C-9,KANDLA,313.593,0.000,313.593,313.593,AHIR,KLJ,18, 519.46 ," 60,298.45 ", 94.30 ," 109,283.53 "," 112,197.70 ",Pending inspection,,
5/12/2026,5/2/2026,F-6341 MARITIME GRACIOUS,C-9,KANDLA,2871.834,0.003,2871.837,2871.837,AHIR+KESAR,KLJ,10, 781.89 ," 86,506.22 ", 94.30 ," 160,238.45 "," 161,645.79 ",QC passed,,
5/12/2026,5/2/2026,F-6351 MARITIME GRACIOUS,C-9,KANDLA,969.381,0.000,969.381,969.381,AHIR+KESAR,KLJ,10, 749.87 ," 88,162.28 ", 94.30 ," 158,875.02 "," 145,678.90 ",Normal stock,,
5/12/2026,11/19/2025,SIDHE MARITIME COMITY,C-9,KANDLA,0.000,1.885,1.885,,FSWAI,SIDHE,174, 672.29 ," 78,627.45 ", 94.30 ," 142,024.40 "," 139,495.94 ",Normal stock,,
5/12/2026,1/15/2026,SPL-313 BOW EXCELLENCE,C-9,KANDLA,0.000,0.216,0.216,2002.795,AHIR,SIDHE,117, 605.41 ," 72,489.95 ", 94.30 ," 129,580.11 "," 124,389.07 ",Normal stock,,
5/12/2026,3/3/2026,SPL-316 CHEMOCEAN LEO,C-9,KANDLA,0.000,56.956,56.956,2850.000,AHIR+KESAR,SIDHE,70, 754.03 ," 80,799.05 ", 94.30 ," 151,904.08 "," 139,865.11 ",Low inventory,,
5/12/2026,3/25/2026,SPL-388 STENA PROGRESSIVE,C-9,KANDLA,239.851,860.010,1099.861,2850.000,AHIR,SIDHE,48, 508.76 ," 54,411.82 ", 94.30 ," 102,387.89 "," 110,142.74 ",Pending inspection,,
5/12/2026,12/14/2025,F-6225 DS OCEAN,MIX XYLENE ,JNPT,0.000,141.575,141.575,2859.025,GBL,KLJ,149, 527.43 ," 61,686.03 ", 94.30 ," 111,422.68 "," 102,037.64 ",Pending inspection,,
5/12/2026,3/30/2026,F-6333 GINGA JAGUAR,MIX XYLENE ,JNPT,0.000,185.691,185.691,997.822,GBL,KLJ,43, 563.68 ," 59,929.05 ", 94.30 ," 113,084.07 "," 104,183.18 ",On hold,,
5/12/2026,3/30/2026,F-6317 GINGA JAGUAR,MIX XYLENE ,JNPT,605.409,392.413,997.822,997.822,GBL,KLJ,43, 580.88 ," 60,909.83 ", 94.30 ," 115,686.81 "," 110,547.48 ",Normal stock,,
5/12/2026,4/19/2026,F-6352 EVA HANSA,MIX XYLENE ,JNPT,953.671,0.000,953.671,953.671,GBL,KLJ,23, 635.19 ," 66,551.23 ", 94.30 ," 126,449.65 "," 133,976.36 ",Pending inspection,,
5/12/2026,3/12/2026,F-6346 CHEMROAD QUEST,MIX XYLENE ISOMER GR ,PIPAVA,1403.833,150.000,1553.833,1553.837,AEGIS,KLJ,61, 565.67 ," 61,938.22 ", 94.30 ," 115,280.90 "," 107,759.09 ",Pending inspection,,
5/12/2026,3/4/2026,F-6309 BOW COUGAR,MIX XYLENE ,HAZIRA,566.995,51.840,618.835,947.535,ADANI,KLJ,69, 637.91 ," 68,731.51 ", 94.30 ," 128,886.42 "," 129,976.12 ",Ready for sale,,
5/12/2026,9/27/2025,F-6094 DDELPHINUS,MIX XYLENE ,KANDLA,0.000,2.500,2.500,2836.840,KESAR + FSWAI,KLJ,227, 500.75 ," 53,210.65 ", 94.30 ," 100,431.38 "," 101,259.50 ",On hold,,
5/12/2026,11/4/2025,F-6145 MARITIME VALOR,MIX XYLENE ,KANDLA,0.000,7.733,7.733,2995.435,KESAR + FSWAI,KLJ,189, 635.67 ," 77,773.69 ", 94.30 ," 137,717.37 "," 133,026.87 ",Normal stock,,
5/12/2026,11/19/2025,F-6188 SOUTHERN WOLF,MIX XYLENE ,KANDLA,0.000,1.173,1.173,474.953,AHIR,KLJ,174, 551.82 ," 59,295.19 ", 94.30 ," 111,331.82 "," 108,302.38 ",Ready for sale,,
5/12/2026,12/27/2025,F-6226 PRABHU PARVATI,MIX XYLENE ,KANDLA,0.000,14.218,14.218,2086.879,KESAR ,KLJ,136, 547.68 ," 61,053.75 ", 94.30 ," 112,699.97 "," 101,829.13 ",Pending inspection,,
5/12/2026,3/14/2026,T-233 STOLT MAPLE 1425mt ISOMAR,MIX XYLENE ISOMER GR ,KANDLA,0.000,310.860,310.860,1425.000,FSWAI,KLJ,59, 683.41 ," 80,649.60 ", 94.30 ," 145,095.16 "," 147,912.46 ",Normal stock,,
5/12/2026,3/14/2026,T-235 Stolt Maple 476.893mt ISOMAR,MIX XYLENE ISOMER GR ,KANDLA,107.893,369.000,476.893,476.893,FSWAI,KLJ,59, 767.69 ," 90,518.99 ", 94.30 ," 162,912.16 "," 169,995.24 ",QC passed,,
5/12/2026,3/14/2026,T-236 Stolt Maple 523.107mt SOLVENT,MIX XYLENE ,KANDLA,0.000,12.977,12.977,523.107,AEGIS,KLJ,59, 760.46 ," 92,764.88 ", 94.30 ," 164,476.26 "," 150,463.55 ",Low inventory,,
5/12/2026,5/2/2026,F-6342 MARITIME GRACIOUS,MIX XYLENE ,KANDLA,1732.998,262.593,1995.591,2001.998,AHIR+AEGIS,KLJ,10, 585.18 ," 69,414.09 ", 94.30 ," 124,596.56 "," 116,178.10 ",Pending inspection,,
5/12/2026,5/9/2026,L-4461 KRLGUJGST2627-004 PRATISTHA FY26-27- 100000090,MIX XYLENE ,KANDLA,1279.000,221.000,1500.000,1500.000,KESAR,KLJ,3, 757.60 ," 85,075.66 ", 94.30 ," 156,517.34 "," 165,918.80 ",Ready for sale,,
5/12/2026,11/20/2025,SIDHE MARITIME COMITY,MIX XYLENE ISOMER GR ,KANDLA,0.000,0.914,0.914,1500.000,KESAR,SIDHE,173, 703.01 ," 74,782.28 ", 94.30 ," 141,076.12 "," 128,439.86 ",On hold,,
5/12/2026,1/23/2026,SPL-321 CHEMROAD SIRIUS SOLVENT,MIX XYLENE ,KANDLA,132.858,542.510,675.368,4809.553,AHIR+KESAR+FSWAI,SIDHE,109, 575.26 ," 68,299.31 ", 94.30 ," 122,546.33 "," 118,104.27 ",On hold,,
5/12/2026,1/23/2026,SPL-322 CHEMROAD SIRIUS,MIX XYLENE ISOMER GR ,KANDLA,134.584,55.474,190.058,961.168,KESAR,SIDHE,109, 668.36 ," 71,142.30 ", 94.30 ," 134,168.65 "," 143,174.85 ",On hold,,
5/12/2026,3/4/2026,STPL-6 MARITIME AMITY,MIX XYLENE ,KANDLA,422.192,2795.660,3217.852,3981.245,KESAR,SIDHGUN,69, 734.39 ," 83,784.25 ", 94.30 ," 153,037.23 "," 152,234.39 ",Low inventory,,
5/12/2026,3/25/2026,STPL-4 STENA PROGRESSIVE,MIX XYLENE ISOMER GR ,KANDLA,1893.616,80.000,1973.616,2000.000,KESAR,SIDHGUN,48, 731.34 ," 80,274.00 ", 94.30 ," 149,239.36 "," 135,143.51 ",Ready for sale,,
5/12/2026,3/25/2026,STPL-5 STENA PROGRESSIVE,MIX XYLENE ,KANDLA,385.436,1584.500,1969.936,1996.271,KESAR,SIDHGUN,48, 756.64 ," 86,477.41 ", 94.30 ," 157,828.56 "," 153,492.97 ",Ready for sale,,
5/12/2026,4/13/2026,LOCAL PURCHASE TRICON ENERGY,PHENOL-M,KANDLA,0.000,65.270,65.270,100.000,KESAR,KLJ,29, 794.08 ," 82,680.83 ", 94.30 ," 157,562.57 "," 156,553.04 ",QC passed,,
5/12/2026,2/16/2026,F-6284 SONGA NEPTUNE,STYRENE MONOMER,HAZIRA,0.000,0.382,0.382,800.429,ADANI,KLJ,85, 654.68 ," 72,444.55 ", 94.30 ," 134,180.87 "," 123,375.87 ",Ready for sale,,
5/12/2026,2/27/2026,F-6310 DAMSGAARD,STYRENE MONOMER,HAZIRA,21.053,11.270,32.323,1047.319,ADANI,KLJ,74, 722.46 ," 87,548.72 ", 94.30 ," 155,676.70 "," 157,631.95 ",Pending inspection,,
5/12/2026,4/27/2026,F-6373 DM CONDOR,STYRENE MONOMER,KANDLA,42.059,650.069,692.128,1998.705,AEGIS,KLJ,15, 505.47 ," 55,411.45 ", 94.30 ," 103,077.27 "," 96,048.13 ",Normal stock,,
5/12/2026,4/19/2026,STPL-12 SFL ARUBA,STYRENE MONOMER,KANDLA,0.000,93.871,93.871,2850.000,AEGIS,SIDHGUN,23, 624.81 ," 75,321.74 ", 94.30 ," 134,241.32 "," 132,133.23 ",QC passed,,
5/12/2026,1/23/2026,F-6254 ORIENTAL COSMOS,EDC,HAZIRA,13.335,20.000,33.335,508.045,ADANI,KLJ,109, 767.34 ," 90,820.73 ", 94.30 ," 163,180.89 "," 163,972.65 ",Normal stock,,
5/12/2026,3/23/2026,T- 500MT PARAS CHEIRLIFE 18-03-2026,EDC,KANDLA,118.000,175.970,293.970,500.000,AHIR,SOPL,50, 525.18 ," 63,196.79 ", 94.30 ," 112,721.26 "," 114,998.95 ",Ready for sale,,
5/12/2026,2/18/2026,F-6272 LISBON,POLYOL 1127,KANDLA,-620.160,675.396,55.236,1047.840,AHIR,KLJ,83, 522.83 ," 58,445.98 ", 94.30 ," 107,748.85 "," 108,970.39 ",QC passed,,
5/12/2026,2/18/2026,F-6276 LISBON,POLYLOL 0434,KANDLA,-18.913,18.916,0.003,522.733,AHIR,KLJ,83, 531.86 ," 63,882.07 ", 94.30 ," 114,036.47 "," 104,217.97 ",Ready for sale,,
5/12/2026,2/10/2026,F-6271 SONGA NEPTUNE,POLYLOL 0656,KANDLA,925.224,199.940,1125.164,1869.572,AHIR,KLJ,91, 750.08 ," 88,514.64 ", 94.30 ," 159,247.18 "," 154,587.37 ",QC passed,,
5/12/2026,12/5/2025,F-6196 ASIAN PIONEER,POLYLOL 0656,CHENNAI,-39.645,40.250,0.605,1451.973,ENNORE,KLJ,158, 544.70 ," 62,823.51 ", 94.30 ," 114,188.72 "," 121,620.34 ",Ready for sale,,
5/12/2026,1/15/2026,F-6280 WOOJIN ELVIS,METHANOL,KAKINADA,0.293,135.050,135.343,4023.860,MAHATHI,KLJ,117, 530.34 ," 56,324.88 ", 94.30 ," 106,335.94 "," 101,174.97 ",QC passed,,
5/12/2026,3/30/2026,F-6348 SHAN BANG,METHANOL,KAKINADA,-134.993,1704.287,1569.294,4454.687,MAHATHI,KLJ,43, 598.01 ," 63,966.21 ", 94.30 ," 120,358.55 "," 114,689.23 ",Low inventory,,
5/12/2026,1/5/2026,F-6252 AL AMERAT,METHANOL,HAZIRA,0.000,66.602,66.602,10459.857,ADANI,KLJ,127, 625.27 ," 69,183.89 ", 94.30 ," 128,146.85 "," 134,223.81 ",On hold,,
5/12/2026,2/14/2026,F-6291 GLEN COVE,METHANOL,HAZIRA,0.000,0.019,0.019,20118.867,ADANI,KLJ,87, 778.76 ," 94,290.24 ", 94.30 ," 167,727.31 "," 171,218.68 ",Ready for sale,,
5/12/2026,4/9/2026,F-6385 JBU OPAL,METHANOL,HAZIRA,501.691,296.314,798.005,2991.197,ADANI,KLJ,33, 585.94 ," 63,413.75 ", 94.30 ," 118,667.89 "," 126,659.96 ",Low inventory,,
5/12/2026,1/10/2026,F-6267 SOLAR AILENE ,METHANOL,KANDLA,0.000,37.922,37.922,4981.598,KESAR+FSWAI,KLJ,122, 792.00 ," 92,435.92 ", 94.30 ," 167,121.52 "," 154,037.34 ",Normal stock,,
5/12/2026,2/20/2026,F-6329 SOUTHERN CETACEA,METHANOL,KANDLA,-123.253,1779.580,1656.327,5879.747,FSWAI+AEGIS+CRL,KLJ,81, 501.45 ," 56,528.96 ", 94.30 ," 103,815.70 "," 108,375.56 ",Low inventory,,
5/12/2026,4/24/2026,T-239 MT LOYAL,METHANOL,KANDLA,0.000,28.790,28.790,1000.000,AHIR,KLJ,18, 566.17 ," 69,174.89 ", 94.30 ," 122,564.72 "," 116,008.04 ",Ready for sale,,
5/12/2026,12/19/2025,F-6263 MC GAEA,METHANOL,MUMBAI,0.000,24.128,24.128,5242.971,AEGIS,KLJ,144, 511.53 ," 54,083.07 ", 94.30 ," 102,320.35 "," 101,596.08 ",Pending inspection,,
5/12/2026,12/18/2025,F-6251 EASTERLY EAGLE,METHANOL,MUMBAI,0.000,0.008,0.008,5185.623,AEGIS,KLJ,145, 750.76 ," 84,738.54 ", 94.30 ," 155,535.21 "," 143,808.87 ",QC passed,,
5/12/2026,3/18/2026,F-6334 AL AMERAT,METHANOL,MUMBAI,-249.115,1639.740,1390.625,8521.987,AEGIS,KLJ,55, 573.28 ," 64,636.62 ", 94.30 ," 118,696.92 "," 124,688.35 ",QC passed,,
5/12/2026,,,POLYLOL 0656,KAKINADA,,,,,,KLJ ,, 772.28 ," 84,620.48 ", 95.24 ," 158,174.74 ",,Ready for sale," 2,000.00 ",6/1/26
5/12/2026,,,POLYLOL 0656,KAKINADA,,,,,,SIDHGUN,, 544.12 ," 57,500.56 ", 95.24 ," 109,324.18 ",,Normal stock," 4,000.00 ",6/21/26
5/12/2026,,,METHANOL,HAZIRA,,,,,,SIDHE,, 525.93 ," 58,434.69 ", 95.24 ," 108,525.84 ",,Pending inspection," 10,000.00 ",6/22/26
5/12/2026,,,METHANOL,HAZIRA,,,,,,KLJ ,, 629.58 ," 69,173.40 ", 95.24 ," 129,136.49 ",,On hold," 9,500.00 ",6/23/26
5/12/2026,,,METHANOL,HAZIRA,,,,,,SIDHGUN,, 620.82 ," 72,821.18 ", 95.24 ," 131,949.94 ",,Ready for sale," 11,200.00 ",6/24/26
5/12/2026,,,MIX XYLENE ISOMER GR ,KANDLA,,,,,,SIDHE,, 758.72 ," 84,118.84 ", 95.24 ," 156,381.61 ",,On hold," 12,900.00 ",6/25/26
5/12/2026,,,MIX XYLENE ,KANDLA,,,,,,KLJ ,, 567.08 ," 67,995.73 ", 95.24 ," 122,006.13 ",,Normal stock," 5,000.00 ",6/26/26
5/12/2026,,,MIX XYLENE ,KANDLA,,,,,,SIDHGUN,, 678.54 ," 76,605.53 ", 95.24 ," 141,231.72 ",,QC passed," 2,000.00 ",6/27/26
5/12/2026,,,MIX XYLENE ,MUMBAI,,,,,,SIDHE,, 784.36 ," 84,776.12 ", 95.24 ," 159,480.92 ",,Low inventory," 4,000.00 ",6/28/26
5/12/2026,,,MIX XYLENE ISOMER GR ,MUMBAI,,,,,,KLJ ,, 670.45 ," 71,873.72 ", 95.24 ," 135,729.39 ",,Normal stock," 10,000.00 ",6/10/26
5/12/2026,,,MIX XYLENE ,MUMBAI,,,,,,SIDHGUN,, 735.60 ," 77,844.11 ", 95.24 ," 147,904.86 ",,Pending inspection," 9,500.00 ",6/14/26
5/12/2026,,,MIX XYLENE ISOMER GR ,KAKINADA,,,,,,SIDHE,, 637.38 ," 67,267.78 ", 95.24 ," 127,973.76 ",,Low inventory," 2,000.00 ",6/3/26
,,,,,,,,,,,,,,,,,,,
,,,,,,,,,,,,,,,,,,,
,,,,,,,,,,,,,,,,,,,
,,,,,,,,,,,,,,,,,,,
,,,,,,,,,,,,,,,,,,,
,,,,,,,,,,,,,,,,,,,
